{
  "coc.preferences.formatOnSaveFiletypes": [
    "yaml",
    "json",
    "python",
    "scala",
    "sql"
  ],
  // python config
  /*
	  "explorer.width": 30,
	  "explorer.icon.enableNerdfont": true,
	  "explorer.previewAction.onHover": false,
	  "explorer.keyMappings.global": {
	    "<cr>": ["expandable?", "expand", "open"],
	    "v": "open:vsplit",
	    "W": "workspaceFolders"
	  },
	  "list.normalMappings": {
	    "q": "action:quickfix"
	  },
	*/
  "sql.formatOptions": {
    "language": "spark",
    "keywordCase": "upper",
    "tabWidth": 2,
    "linesBetweenQueries": 2
  },
  "list.previewSplitRight": true,
  "diagnostic.errorSign": "‚úó",
  "diagnostic.warningSign": "‚ö†",
  "diagnostic.infoSign": "‚ìò",
  //"clangd.path": "/Users/sumik/.config/coc/extensions/coc-clangd-data/install/10.0.0/clangd_10.0.0/bin/clangd",
  "python.formatting.provider": "black",
  "python.linting.enabled": true,
  "python.linting.pylintEnabled": false,
  "python.jediEnabled": false,
  "python.terminal.activateEnvironment": true,
  "snippets.ultisnips.directories": ["UltiSnips", "~/.config/vim/utils/snips"]
}
